business_id,longitude,latitude,stars
usSROUMiAgPcxV3Ym0OxMQ,-79.91808943,40.40887838,4
_jsJFrAmFVPRio0eEVExbA,-80.06235,40.492067,2.5
Rjx8GcWuCzfVsKC5iPIcQA,-80.077006,40.459082,3.5
s74Tq6WKV1b91UFRr7ch7g,-79.931884,40.463717,4
BG4N0V93wml9kaU6YYRxRA,-79.921053,40.458577,2.5
83_p9vIqOq1TUIf3_GD7bA,-79.918862,40.474884,4.5
bZcqORBnVApUA2-SEn7VEQ,-79.9187095,40.4584723,2
YMEtEsUDQKOYJOcE5Fx3gQ,-79.919627,40.475405,5
wfCLz9-aeShbPB7CaTY-qQ,-79.9288302,40.45851065,3.5
EPILrBqmgQxd-R1gZ1EWJg,-79.90508,40.4472949,4.5
lieraydsvilDSAJHbckSAHCjQA,-79.8954753,40.4481991,4.5
2PfavOTufsPCRdYm-bFcpw,-79.9558863,40.4115087,4.5
VkqKyq09rDYMhFk5nElWWA,-79.986911,40.393115,3
BbIh5NTizhV4Fq_mLmNkpg,-79.98224,40.387167,1.5
Z7HNl4Gz00cA0_wt0S-vSw,-80.0190648,40.4621686,4.5
OjzR6hUYasFReo0vhVn0-w,-79.994957,40.455167,4
zq--BGVHu7_fb1VHEwg2ow,-80.0105349,40.4566994,4
cZl7-Um4HiJWFgDVmMan2Q,-80.0009426,40.4509987,2
I9-Ei8_KYtMjbixNJSCvwA,-79.9993338,40.4534946,3.5
obAdXU3RULuUOww759_h_w,-80.0414427,40.4812123,5
YUZVBdGmagwXV-yOhR-1GQ,-80.0416964,40.4851129,2.5
N2DwycuZl95miWf39Yskaw,-80.018177,40.489973,3.5
9NL2GL4jSPVj9SKijH5PqA,-80.0434133,40.3996765,4
WY6FFxpa6ztwDH5OhS6WDw,-80.0347424,40.3954709,4
LV_OCiR9rOHVHgdhbpqw2Q,-80.0500275,40.3885545,4
cRv7pLvIe3eI0efndQBcLg,-80.0433063,40.401054,2.5
ORTRrw3ClZ0Ld0LgY1H_5g,-80.033585,40.395871,3.5
9aw0t0rlACKkMaxsX0KlKA,-80.0466445,40.3958828,4
Tb7hQ37UFA2QFaMwjFieQw,-80.03063,40.414716,2.5
21hqlWgjmNgW4pBZJDuziQ,-80.024985,40.409944,3
WxN-aV_puFazt3UGNLlw0A,-79.893463,40.431523,3.5
JL5B_s1EoN4zIru4JSw4Qg,-79.890649,40.427135,3.5
_8xYpVdKMllhuuf4PIvq8w,-79.8873652,40.42304,3
K8Ebs8G1rwc3DBdznHvDxg,-79.8886201,40.4254343,3
tRhwP2jCg_lI1BrjdscNbw,-80.0594902,40.3915059,4.5
zvqxmVZgJ0XpJfb1Xn5jKQ,-80.065824,40.392484,3.5
uwiD9jxs09xxXG0by_xKuA,-80.061579,40.392551,3
f0eAe5PZMy_MEvxEEBYAcQ,-80.065824,40.392484,4.5
zhQzX3CxM0tdBXwGUWmxGA,-80.047466,40.441776,4.5
ZS7-I04iDm4oRP_GJsJqrA,-80.045902,40.418106,4
xSYGuHecEWP7At0HYbO5Jg,-80.045329,40.418425,3
7ijQJV72aBrEoJCtTBCHxw,-80.0022117,40.4401998,3
z4cCguoHdU48pj6sXMIzqg,-79.994852,40.4441681,2.5
imzKM9-mgN1Yk_RIXx3IgA,-79.984628,40.450964,3.5
9D4PMia-8WqCYXnr7TM0Pw,-79.9854235,40.4503182,4.5
4LcFKTr6Ah87VcxW2z5e6w,-79.9989518,40.4422762,1.5
buVALudg30kgkDusqB3yJw,-79.9834035,40.4514856,4.5
wHi8ODv7TGmeUB02XoX-mA,-79.9842886,40.4505742,2.5
J7I85lTCEGr9-qp6AXPUjQ,-80.0030696,40.441253,4.5
DHAq_WmQwjk7gviKXwqnjg,-79.9852163,40.4504367,4
shrMOQmX_SX-KualwYoAzA,-79.99086,40.44756,2.5
SWzCFTM7KHc-MncD6xxOYQ,-79.9828538,40.4514869,4.5
lVB0HB2PxC9OTtMcz0wagA,-79.986418,40.449767,4
3jPNfiRYdu-tlJM4OGF3og,-79.994009,40.444318,3
41CXLCeB8z2oNdIOvnrzIA,-79.9776291,40.4639257,2.5
YKQ09HGeV3_oiKp8NK7Zqg,-79.9845049,40.4504243,4
gFT2yXDXJ1qfuGOSfSU5Bw,-79.983095,40.4518345,4
cg8b1FGcl-Sytfa8UlCcjg,-79.99086,40.44756,4
UQSGL98JH8346Uv9B9Ec0g,-79.9848298,40.4507069,3.5
kj3qws3WSMgOotUeACSdFA,-79.9756691,40.4570059,4
_aGVicux2dJm9sqzLSCJtg,-79.9997165,40.4422522,3.5
tyXvO1G2qK3MUfaap30auw,-79.9833014,40.4512257,4.5
niW0ggRVPW5fafcfImdK7w,-79.9834614,40.4513551,4.5
TASUnYvk_nvTUyKtroCJSA,-79.98572,40.450211,4.5
#NAME?,-80.0019823,40.4409393,3
E_-4Y9vn-u-dPgp33TLRUQ,-79.947532,40.461189,2.5
Msfys8NloDpAsWmhvC9T6A,-79.947655,40.4612539,3.5
DsxLIr-b6WlDn9YNsVBu_A,-79.948546,40.4618603,4.5
KH6stvNdq_aV0HvKw8P5yA,-79.949333,40.462158,3.5
YTqSkgOiiI9HG3hNH7ovfg,-79.9471799,40.4606393,3.5
3_3yJMo2dTPeq8woOW69IA,-79.9541124,40.4647058,4
uOwuJJhGaiAzuaDY7-o14g,-79.941471,40.455568,3.5
DEH4worm2017xT3KHLoyAw,-80.022591,40.395242,3.5
gCiKiqPGAC_ZVt5bBcwnrw,-80.022086,40.394874,4.5
rbg3POnoegWx0RQ0KGd0sA,-80.021538,40.394482,4
dpRsK3JyaD3GKorVWzQUmA,-80.024316,40.400323,3
vWnwaD-kykqiEc2Q0hbYsw,-80.0266142,40.3989335,1.5
xUf11yTcoRagwNiJcY8GAA,-80.0502872,40.4256974,1
7FRn0CFWQmZFu8bcEqrXMw,-80.044391,40.380869,4
DJKpwLp4mISNDNDpNz67tw,-80.0448122,40.3794554,4
1qUYk564SajvwTtkNM6KJA,-79.9328199,40.4513702,3.5
LHyGQnuWR2q44bsrw1ZLAg,-79.930303,40.456766,3.5
yWVY1Bq19lDxu3BP7_96EQ,-79.932915,40.451668,4
yYyWwqPiLJO7eWRt0g_PBg,-79.932424,40.451832,4
sQWSHCIH_HUT4HUXaxDaBA,-79.9357368,40.4507601,3
rUQfZOengMpXFkLvJrNJ3g,-79.931454,40.453359,4.5
GRrvJchtxskNDsGYUPPzzg,-79.9291471,40.4573354,4
Tfysaq2SdZAc5_TyPpuyLA,-79.9346032,40.4563396,3
Lgyc-00L5pAELhjwUjAz-w,-79.9335764,40.4511736,3.5
TIPebazlAGJsp8zAwhNkcw,-79.9346368,40.4512699,4
rm1hBa1HPcLhUSwuincX2Q,-79.9373637,40.4477839,3
mXHBxHrAJPnPWnm_OKuZTQ,-79.937464,40.456954,2.5
Q9BXMPu2HnRDMq9X_2rHrQ,-79.933919,40.450866,3
jc23sKVXBHM8WNLeDE3Eug,-80.034629,40.368716,3
Sr98G9lk8nWMGOoxO_fUQA,-80.013523,40.369099,4.5
AK8T92URfkOUoTAVd7l2EA,-79.89384734,40.48821075,3.5
I2qqSBe5sWwE9pkC6PgmqA,-79.883087,40.4887162,3.5
5z1TluGqhwVYrN7ZZPDW6g,-80.054154,40.429825,4.5
H5Qmurgkw8p7JGmZ8rxqoQ,-79.966571,40.4618139,4.5
T4_LFnGNke1yk3k2MJjiqA,-79.9675459,40.4646453,4.5
Km-96EyJSH93tUs9iToM-A,-79.964525,40.469264,3.5
bwu0cUZfksuu-uzTPrrl2A,-79.96439362,40.46242905,3.5
5K6TGz2q_3w2jGnuAjdi_Q,-79.980331,40.429021,3.5
26HlCqrwTikf-n5FXRS8qw,-79.9840362,40.428744,4
XmJJQjudjE7bXZyFsH0ECw,-79.9888768,40.428787,2
ufIN_oA285Zivd-4szJKxQ,-79.9722262,40.4281555,4.5
58AZ_aOhCWQqriwva1-gdw,-79.9777068,40.4289205,2.5
_kPuX1OAC4QWb2NM9Fbhzw,-79.9763041,40.4287243,4.5
7GDXpAS4LUSFmzmmm3EtuQ,-79.97969,40.428447,2
LhjIfgnWyJLQ96zobHGLgQ,-79.9854225,40.428834,3.5
gVL0W9PqidrLTaESQ1xIvQ,-79.976705,40.4310089,2.5
pFkEafZFTRE-qgB3NYC48Q,-79.9816951,40.4289531,3.5
p_wNn2SZ8iFtpVbetmUA_w,-79.9842819,40.4289537,4
uPl2nKYL0uNqBqqeF2Rx7Q,-80.0691228,40.4395816,1.5
hzR_4oyJLJp6kuD7w0ZARg,-80.052727,40.429752,3.5
vTnvE0fsPP4r1Eni7gufrQ,-80.055098,40.427386,2.5
wSCWrEqPD0RgOepGIbUYnA,-79.9288813,40.4219285,3
qCg90xkk0VgdNF6IirZEPA,-79.9964071,40.4402708,3
P0kIWqaoOjIJEtJBydFvoA,-79.9748789,40.4812838,4.5
fnKjsT1rQKS9x0Zw35TwAw,-80.0182153,40.4378736,3
UgBIcnR-WMAH4pezas0_yw,-80.0072284,40.4310764,3
lr4Zti9WOHXWHu8Yp3zZkg,-80.005301,40.426798,4
wgSCc7Ut2C4OkmvoeSLIrQ,-80.0185522,40.4381226,3.5
9oImwXLAn-DFppBrfbmkLg,-80.021242,40.439059,4
OJBkDqbEl6JyN_7hJvCVfg,-79.948636,40.445132,4
NtPR7xaSxkQTWW1HYGz56A,-79.957054,40.440911,3
aft5N5DwIaIzQzwKv7lLvg,-79.953346,40.439978,4.5
rroEVCHOX6sjZaAYTk6pSw,-79.9494333,40.4527648,4.5
oN552ZjtfJWV7CMtftGrfA,-79.9572847,40.4409371,4.5
yAC6PHPOOqlEvrzyVjItkw,-79.9571243,40.4415797,2.5
xQYa2C1-tKGx65GpDDNePQ,-79.957649,40.440978,4
B-DLw09xS5mgAC0lvlGUxw,-79.956956,40.441282,3.5
ojlQtj_2W24-IZGqkBVsmg,-79.9460546,40.4547833,2
5Hd4vp5bKPq-W8zPwabYhw,-79.9521783,40.4521371,4
9Cx8HT4LLis_2OvcFZpEmw,-79.95538761,40.4365709,5
Q2iZ7kT5SpiRir7iommz1g,-79.95859528,40.4416275,3
n_vYHn44QfjFkTW7gS5LaQ,-79.9606538,40.439136,4
LCybuUjDVdYQAdfeM6dISw,-79.9572821,40.4412286,2.5
xdfs6XsmCoAwHD7vEOT5Ww,-79.9460922,40.4545627,3
XO_WxRfD9OAQ6l1FRuoUNg,-79.9346313,40.4966961,3.5
gQ-BN9WPkvsReJ-r-s_eOw,-79.9229595,40.4354812,3.5
XNPqR50C5mtsSpeZ-Rshqg,-79.923336,40.432968,4
liZsZYK2st1etzVYazpylw,-79.92262898,40.43550914,2
ar6UvDX5NQrKpd_4u9pdcg,-79.9191595,40.4377306,3.5
yalcA5czeW7qly_6ksp1nw,-79.925444,40.416861,4.5
khmDwXbcUxeU2ymjju_Jrw,-79.9167743,40.4443879,2
KT8KJ4zt-IPqpLzACdpEZg,-79.925176,40.416731,1.5
2i5ttyWIY-VPfp4dgWb5Cw,-79.9230247,40.4297244,3.5
lT506ycfzn3Reti-DO05zA,-79.9374714,40.4269069,2.5
hMspWyS2RQ8yJ4GpvSN6pg,-79.9216946,40.4380626,4
7JYif-4RQOMWrUkoemuytA,-79.9229113,40.4372489,3
RptBvx0-dGfSpQYzqj6b8Q,-79.9213874,40.4379282,4
Y8ijuEjSTwnAJA3lIfAucg,-79.9230629,40.4338463,4.5
TYyW_pl7hgfUEMwxVwc4OQ,-79.9205075,40.4417263,4
WRWh8BiaoICpsilqI7WrNQ,-79.9227592,40.4361609,3.5
rVwbsvynuVZH5LpgOx4oeA,-79.996777,40.440513,4
vtcEXiQukuSzOMxyVxlh-Q,-80.0036951,40.4333831,3.5
#NAME?,-79.9963704,40.4426615,3
tYi1AaABtF3jX1mUIMuYcQ,-79.992893,40.437255,2.5
_4DWNjU9ck_ynL4Me86CJw,-80.0016673,40.4310108,3.5
1u_8Lk1_0UsTmjW6b12bpw,-80.00484,40.4336377,3.5
l69zskvo5X2V9lxnINgXww,-79.8886233,40.4447141,3
FnaWgExFsjWeekotG-_66g,-79.8930414,40.4461496,2
44zt-uJPM4BGs46DaNO98Q,-79.98390198,40.36453091,2.5
WZXg-P4467py050tHRr5ng,-79.981995,40.370014,3.5
EZdFJ0Uxqarqs5BX3pKgug,-79.989937,40.378641,2.5
46dYEuISLWIMSN55AijJBw,-79.98205662,40.36758819,4
Alk2AVNg3wTrI4L1d-krZw,-80.0183231,40.4515549,3.5
fvhWfSPlx5J_3F-ScLpvXQ,-79.9921208,40.4572019,3.5
PA0cwf2cgeC8P-YSKQmxIA,-79.8509158,40.4139211,4.5
pG76BRH7k9SVc9YW3jkANQ,-80.0311105,40.4544448,4.5
LZghZl5RVTeR4p77UpXipg,-80.0188513,40.450857,1
_yyHTeCtVOQKjD6G6GO_lg,-79.9959316,40.4396782,3.5
NhA_Fg-0ywtg8ut2RjUo0w,-79.99554913,40.44090311,2.5
0qOcbknxi72ZcF-z4VOtDQ,-79.9350205,40.4507156,3.5
J2x_AMx591i6TK3xccEzqQ,-79.983392,40.4514468,4
w7VSMULJ9GtRi3CBRxoJtg,-79.9858749,40.450111,4
RhOTBt7ISr2rhXisSMLTSw,-79.956028,40.439901,4
Ak4s2gS-jx8iW33jY4u3jA,-79.923207,40.434156,4.5
P239JxvlJ_mTmMZk-2K9QA,-79.9819651,40.4521061,4
kKiluPSzCnCOkYKknWzNzQ,-79.956657,40.442277,3.5
UtWdmmCdMtm6iqcc7ccO_g,-79.922806,40.437847,3
RSr7nAayztT5mBLUBMpbpg,-79.919044,40.45932,4.5
gNcvmWQ6b40mpfzSOdStEA,-79.94223118,40.44387706,1.5
YeiH-kbGrwmIJlauSP_-dA,-79.9653483,40.4284111,3.5
kc5gJPisT5L5z8lLa9FV9A,-79.9508477,40.4503566,4.5
5japW20yvS1tomuvliRbcA,-79.9667384,40.427981,3
Xk8Nd2X5nf13DunyEg-MGQ,-79.9844444,40.4516955,4
Jh-8r-RwvkRs80HP_q6DYA,-79.919905,40.438251,3
0GdTpvzrpDWDPiHP3G6Fuw,-79.902294,40.446593,4
ouTDIL0eqSCSRxNk_Qt5_A,-79.9226113,40.4351892,4
U3AUN4Azkm76qsEaWqOCEw,-80.00003915,40.44071959,4
v7e-GIGgEIFANhHsywlhrw,-79.8932692,40.43211376,4
cs9iu_1abcCXOuelaO-Gfg,-79.9694706,40.4276187,3
MEgNULnEYQ40EDxkTpfHxw,-79.914467,40.4503719,4
fY5s3NUnJTYJOHQeRPYNFQ,-79.9114833,40.4591026,4.5
wlS-0nxpHQaFqv_iZ01fvw,-79.9254799,40.457865,3.5
wziHV0Zs8AMFHdBrMaV2fw,-79.9294051,40.4586225,4
puwWm1NTtjNiuHR1cQo9Tg,-79.9997773,40.4538727,4
_ji6oh2RwfOOt0jMznT5wg,-79.948641,40.4460679,4
QnI-qHGQGgx61zcPyImhsQ,-79.9201969,40.4378605,5
p6I9XmfpvCyDbkvtvQqhsw,-79.9231507,40.4377854,3.5
H7XCWLhCbRMDtNs6GfEZXQ,-79.996111,40.440556,3.5
9TOZic931NktWjVGftktJQ,-79.9302162,40.4565015,4
McHO_tvPofRkZVFpaZaWRA,-79.9508171,40.4629248,3.5
AwaxCI7NMG3_nqCLqC4qWw,-79.9827624,40.4515233,4.5
VKtZk23K28Rp_9ku70zCrQ,-79.94161963,40.44170511,4
I9IDCNPrOvJYavtsH936cA,-79.9953633,40.44371239,3.5
ttCWIiHpoiuZX96D2KbNaQ,-79.9958916,40.4437364,3
4e1FfJ1QxKa3L8TJHOtg7g,-79.9467527,40.4601392,4.5
qg14DV1nQgYY_b_Pm3a6lw,-79.94851392,40.44461631,3.5
OGRdRr9rjsXGChCsK7vfXw,-79.9487066,40.4446704,3
AuhN2byA2Cyn-uzWD-pJxw,-79.9579228,40.4410144,4
VkaQc_XSCyy1TQsmRXVZhw,-79.919787,40.437813,4.5
QF8aAgmMvwQsBKTUeq9_mg,-79.9526423,40.4633496,3.5
9iPsnH3gJdyledlHYahLeg,-79.997909,40.441985,3
AD0FE_5dM7pWy5YdbMZaGQ,-79.9826184,40.4543386,4
OpFSTvYREcZZ1ScB250Lbg,-79.95183,40.454132,3.5
lGJTErTf8Y72U4OLHhW65A,-79.98172,40.429116,4
wIsoQXDI4X6elYxTvkD_Rw,-79.96665,40.426003,4.5
XtQgLRofbvrivJyinGZtkQ,-79.9473993,40.4541927,4
LMD-f6FMz8lF8QeSlie5kQ,-79.9820206,40.4523578,4.5
dWg_Wkun000du6jiI3TPUw,-79.9853489,40.450319,4.5
XY3aIm-0PZMXXkVKECD7uw,-79.9818084,40.452314,4.5
3wvt02K8Q4tZx0OImekCTg,-79.996777,40.440513,3.5
EpPfFCLETEnzAw324Y666A,-79.9850342,40.4502923,5
G7Ork6dlTZ6xcmPF3gxG4w,-79.93342,40.464778,4.5
2UUkXa45Vgk_TfCP6kmfSw,-79.969064,40.427409,3.5
AvVMhXghvAE2_JGWXoC7IA,-79.996845,40.441819,5
FVGtiujFXixkw71HBbBB_A,-79.92298,40.4362726,2.5
e6wtJ95VHGk5kQWtXholMw,-79.9232325,40.4318095,3.5
UawG_p7CC3p7HhE7pzNIyQ,-79.9586327,40.4409284,2.5
Lv01PSVexq5YKJwfgg-JGA,-79.9989331,40.4428412,3.5
9bqGhpj6NYVrdojYUnHMgA,-79.994009,40.444318,4
pKwsonGrAZPR7xsB5XZjKA,-79.9228556,40.4335713,3
EfmGcKIuG05OlY_mcANMRA,-80.0022505,40.4426547,3.5
JObIv0n8MW2A84NE0__Syg,-79.9231097,40.4335078,3.5
ionFxm0fkwX_J3I5By6Efg,-79.970737,40.428389,2
d7M30BsQj_oT2howDyo0ew,-79.9970421,40.4440334,4
doQQQzQis8Me3jGeAhfd5w,-79.9657795,40.4264582,4
1wCyM-brDWQNxrJajO7QXw,-79.9773691,40.4303589,3
W3UMlRDOn9Tzd3kfYlHX3g,-79.9841639,40.4521127,3
9q0T11qr73CgUlLM1amWMA,-79.9984294,40.4383037,2.5
V7r0F2kr1WlyNOBy-C_HMA,-79.9650015,40.4657718,4.5
BL3JjW4GiljNbGn90Bk_Fg,-79.9654309,40.4262276,2.5
ltFzUGuaNqDqH1iOlNd64g,-80.045552,40.420073,3.5
Q6b-V99kzl6hUYug7AuYKA,-80.0441514,40.3996745,3
gUT2SESEp7nV6kDYipHZeA,-80.0355884,40.4224571,2.5
TFvvI_MxoTg-rNHpvh3QeA,-79.9464765,40.4383304,3
Fx9NGStq3-YpG1zcHzJftA,-79.9243642,40.46391,3.5
wTdSQoVHBA1HHOBLa_t8Pg,-79.9248833,40.41595,2.5
b1vwNwPlEivVODtboYF1Bg,-80.050369,40.357664,3
6EXCN46MdJOa00KjuH8jaA,-79.945506,40.45459,3
qFY39MzKFQcT6dx56vqb7Q,-80.0445746,40.399287,2.5
BTxiE7WJgd_xQIhCZ_4Ibw,-79.88328998,40.48766661,4.5
oZLeVF5nZe-6nBTgnoOl2w,-80.060459,40.391243,2
5tx3tiX_k-0BklqBHL4ebQ,-79.8738589,40.4897698,3.5
9tTYOHjgQsVON4UkDKvFcg,-80.0356122,40.3942239,4
eZ8HKbgNXSCQhEDk4d4F2Q,-79.85919322,40.49489765,4.5
d7G_HhoYxcJbE3VBwVUwjg,-80.0072834,40.4297475,3.5
Sr9v3qm6MBUaePm6J5roWg,-79.952764,40.464643,3.5
PD8RfY1y8L4cUVaL2G0GIg,-79.923098,40.43049,3.5
K37KV1hcxm5ZBpEwCakAcA,-80.06114,40.490822,4.5
n7mCHwY1xZyNiEkPrajIBg,-80.002086,40.357482,4.5
MZbI6n8rFDeFC0SwpBpl5g,-80.0074099,40.4308881,3
qpbo_9bePjV9kjVZT8QeIg,-79.9517924,40.4521293,3
hj6L4rYi9w6iKZmSvFRJ4g,-79.9557097,40.4425098,3.5
lGI4ms4pmbFnDW9zc7vJkA,-79.9817737,40.3725859,3
ajR1_uSNNMEmvYZNeC7eBQ,-79.962146,40.469244,3
gSGmCCnJLJWlo98LTNrhnw,-79.9851733,40.4499777,3.5
tY0K5GOyyluUgkbeiN3UEA,-80.0070379,40.4566445,4
RefGF6n1EAjXVWPTX0G6ag,-79.990732,40.369033,3.5
2OhBwi83GEBlarsr4pEnWA,-79.9286966,40.4225105,4
dRhY_HXQKfue3UGUCeNO9Q,-79.9982823,40.4380697,3.5
DSw9meplxqhrB1jUFobdZg,-79.88542173,40.48838271,3
yMAJeQulLvOov-5gg2nM9A,-79.922834,40.43749,4
LYWsIy_g_pLA32Iaze-eeg,-80.0007482,40.4423373,3.5
1-gH8mTUpl_nQhTQmOgS4Q,-80.0588143,40.3905416,3
bMygiwZWA_UzCUCw6C11Iw,-79.8854112,40.4881157,4
alBrkZlhwTDbQtZxkxwYKA,-79.9553059,40.438918,3.5
wluhsOjt03CgORropJKQoA,-80.00141,40.439597,2.5
7rTMlsgK44cq9gcotPksyA,-80.0148009,40.3831218,4
aiDMh26ZEatoEt8JZb4pfg,-79.9396789,40.4560895,3
i0fbnuOIYMbC086pGAjC6A,-79.9616334,40.4692059,3.5
Tosy5MgTLWW9FP_HCaiKPw,-79.956917,40.440801,2.5
l3HyghOg5s_nTQtmXI0i-w,-79.981791,40.452898,3
h5cvE8TClzDrrlg88gD97Q,-79.9996681,40.4407839,3.5
voThoicr5Zdq7SHFVwFveg,-79.985763,40.45018,4
aHQfnf5HjsAYgSa-I74SmQ,-79.9343406,40.4584178,3
s8IAYfiw3fEasQc9aW-Ydw,-79.9567511,40.4414046,4
w6bhabpSWS5qjFb1AT72vg,-80.043466,40.489263,1.5
Za0bV7GjMDbcc4nZY6K3HQ,-80.0042484,40.438151,3
O7EG2bsUyIjiY43sFnRjCg,-80.012733,40.4105599,3
yC4FDptvMZ_xsLn6jO0pvw,-80.0053813,40.4425755,4.5
fRwzWb9l7UlqELcaujzZfg,-80.0008258,40.440194,3
G325ssFBWP4vwyifUAAF_A,-79.8888753,40.488181,2
gXUTqgRQ_ZzkG7qEpR6PBw,-79.958095,40.4408964,3
evHsFv7BbO-FrAtb7aN8JA,-80.0359804,40.4843068,4
0WZ4-uFX5olbCYGSOO6C6Q,-80.0356606,40.394049,2.5
7f73ptePsHAr4onNi4Zjug,-80.070806,40.3906976,4.5
lgnnZL0Cp6_q1Xx_4a0gpA,-79.9985455,40.4402358,2
Fq6jYkjxDuOzy3I_eLswlg,-79.9978377,40.4427094,4
CJZGDTGoqvWrENvjr46emQ,-79.980534,40.4277137,3.5
iovp_cgGX8IT1-ZBUJ8z-g,-79.982709,40.4516262,4.5
i4O6QQe_gEr4aDSY5f4imA,-79.9060249,40.4580052,4.5
TDNiPnxtXA4i5W2kj5zeTg,-80.0006523,40.4369172,4
3EMEYlCxPiygL4Tu_z9beQ,-79.88929479,40.48808946,5
XK4HOwFTo6EE-YK7lbPjJg,-80.0029682,40.4407627,3.5
_YyIG79QgsrQL1nWgBwIlw,-80.0659218,40.4338382,4
kT_nzjaWqRyda4XxEFsCpA,-79.9883497,40.427094,5
B1RSo17_ObaqySpqsOzIUw,-79.951601,40.452265,3
dtIfIC_I-c_Oll0jw_1Acw,-79.91957614,40.43816323,2.5
58RJp9m7hMt132ZP8fvm3g,-79.977468,40.383403,3.5
hf2InPhILKcSO7xrsdEPnw,-80.0493986,40.3887382,4.5
2bFrNEhlNjFA7aqJyYBXmw,-80.05004,40.35592,3.5
7sc5j9G5A79MTXrRC6sOiQ,-79.9471332,40.4471989,2.5
RtKC65-4gqzEkRfK2D5pRA,-79.9556424,40.4379259,3.5
7yzFARDjgSSF7pe7IDnd_A,-79.9501742,40.4440468,3
15I-8lBqswpncTCGWJNDLQ,-79.9350398,40.4510288,4
O3PnM1fH8vqDpk-kzYqh5A,-80.0201357,40.3934598,4.5
V8WFMV3iMvUvJGWBzexe_A,-79.94474139,40.44351575,4.5
mMbUTTTK2ke8aSAS1eWMRQ,-80.0209249,40.3945573,4.5
X4XG6aBH3WsIWIiA0BtHnA,-79.9531074,40.444245,2
IsRmA4DqEE_xjw8y6KuObA,-79.93857265,40.44219503,3.5
_f8bh9Mj0FKThJReDFENjA,-79.9623472,40.4685427,2.5
2e0IF83DL8rdZfTGLmmH8A,-79.998105,40.4426569,3
9S1I9r0JXTaaQ7yb30rP2g,-79.9535582,40.4411427,4.5
kOY6CQ4VijKg8PnCUsTXgg,-79.9610655,40.4649715,5
NjWAVjMxUwOqnpOOQL71QA,-79.958894,40.47313,4.5
8Zoej25Y9-yEyuiL7-Ax7A,-79.9219196,40.4380885,4.5
W2RzHyMajnmhOubU7318wQ,-79.99447,40.440386,2.5
V053Fm3xoCyxoh1lAgDKJg,-79.9642428,40.4666119,4
qXDOMgynPeqe8yFcxLZH-Q,-79.9150946,40.4563601,3.5
scqwZPzH8qYXWmedtZa_7w,-80.002186,40.440995,3.5
m7lbAuf32td7q6w4YxImlw,-80.0038533,40.4388711,3.5
0bDp9GJBQ4K4ZTzvewLoVA,-79.9826658,40.4522723,4
KDFTshmwxKn6nSi1L3FuUA,-79.9962691,40.4404929,3
jimnHLgr6mrWV2kK2PaRhg,-79.91987966,40.43800838,4
brcD3qzFVUNrfE-LXwEIOQ,-79.9658647,40.4574894,4
PhoGiguAp2mWjqX85hDavQ,-79.9489865,40.44569191,4
7_ehud9OJdNm8jj13Isdxg,-79.9805948,40.4535609,4
SsSL6gKSlpTeeZXZEjAKFA,-79.9580559,40.4420548,4
aBXz47ZGq4tvdayDQryhyw,-79.99936759,40.44129208,4
yCyLqBX3aujcR0SeIuxSWw,-80.001929,40.4405329,4
pXS-IJlwDMgH7Xn_PdNY3w,-79.9548779,40.4444572,3
RMrdI5noVh3-b7NM48PcVg,-79.9548779,40.4444572,4
YOMMA4fsL4_SaPaPyA7sFg,-80.0004821,40.439901,4
K-bnsVa7FO-mTDTNRpoE9g,-79.959903,40.471775,4.5
MoX-AGP4AksEQC8CIQA-dQ,-80.0014349,40.4531377,4
ewN984Rvux04uuQFrGu7mw,-79.9227349,40.4377293,4.5
9iwONFY-aRZA1mgmVgm2ZQ,-79.975468,40.457335,4.5
cUVoyuhqv3ArYwwG_YcY1w,-80.01432671,40.46700694,3.5
l-s0rNwp_qccC2M4Phz9Yw,-79.932997,40.451653,4
fT6jJp8rLQQ2EZZTz4tjVQ,-79.9960088,40.4410931,3
9sg-JXUxnCiZqs3GhRQAKQ,-79.9815516,40.4524945,4.5
cjdzhHLcQr3Jyd7sILPgog,-80.0524348,40.4274699,5
7MdzVVJjRNTRY8Dta5ednA,-80.0028819,40.44019,4.5
neSMyt7x4x_ffrunGyidmg,-79.9290441,40.4573222,3
HmU6GZ32TaGmJFpPC-Mp1g,-80.0014832,40.4411695,4
Tj7wKXHZK_QGIaeerJgUHQ,-79.9858359,40.4497857,5
Iwi3g8umXSw8LGb3xVrHdw,-79.9502895,40.4622053,5
#NAME?,-79.9586239,40.4406105,4.5
wnb0VquMa65hYUUPISGD1Q,-79.9243279,40.461101,4.5
diVJtnXItoMymDfJkSAV1w,-80.0171467,40.451765,4
oYDhgm38aak5tEo6GPUykg,-80.0289335,40.3588258,4
mJmVtFKcmskMHNn77q5qpg,-79.998918,40.4426692,3.5
EQOoRmLsilk_94QS3q0vgQ,-80.057167,40.426873,4
osixLFHD7OKEUy2HSbN-7Q,-79.9807375,40.4287949,4.5
aRTQo0EQnLWo5Qg2io4Gbg,-80.0245294,40.4106665,4.5
ArMxMsyhcuSuPOF10jf0Yg,-79.919459,40.47586,4
9b0y3HVHPWFnobKyMFFoCg,-79.9345744,40.4511665,4.5
sVLQl_lAnn6BeGQjhaWGqQ,-80.007102,40.429882,4.5
iohzAkFe7wrcpRNagpAmbQ,-79.958654,40.4407473,3.5
a9-qixaIQftb4HNZz4ocIw,-79.88283756,40.48833508,3.5
gNz-NjpaBThGn0sxjgD1GA,-80.050826,40.351982,4
O3I-lmolfNny4FHu_GmThw,-79.9327303,40.4516251,3
Lub0RurarPqWapys3U0Plg,-79.994853,40.441355,4
vsAxFICzxvaQv7Jjj52Jqw,-80.054891,40.486479,4.5
eUeg7tdRFvNfXjmeFReSEg,-79.9562988,40.4421635,3.5
78JJr9A0MbbHuXE1XUr-bQ,-79.9657311,40.4282787,3.5
GB1pF4hPu_tCpx2BknwgMQ,-80.041572,40.480713,4.5
xl1mNGpaoLdiVWj_D6-L_A,-79.9815516,40.4524945,4
Qyctsa0nArqn1eNoLATv5A,-80.0443322,40.3811007,4
pFh5W8euJOsU0dBYPoEN-Q,-79.9962772,40.4400604,5
OGb4l_xFzRzTxCdNCW6XqA,-79.9404903,40.4262158,4.5
IH6AR98ac6KzPyFdc8t8yA,-79.9609899,40.4424694,4.5
3dI-wF9TFDwK_vQqqlUPJw,-79.960872,40.469408,2.5
NYuWw7DtbAe_CdI9XkFu2A,-79.9525023,40.4519297,3.5
hcctvfq3fmVIscSeBURsjQ,-79.893918,40.433151,2
dHxYQrVTkukMj4EjQZ7KUQ,-80.044831,40.380726,4
b7XXKWkkNd7iaW8eBUAKYQ,-80.0063506,40.4556652,4.5
2Ny460lur1MzN-nsi0_Bpw,-80.069384,40.4384507,3
l_XX0Oij03f6R3j3uyaW1g,-79.9265915,40.4592997,2.5
y2eo_MWD3XfnxxvhXh7Esw,-79.981477,40.454384,4.5
jbbaOY_Jh71a9i7JDmkY8g,-79.99071,40.4051093,3.5
5kVrSq6mXcu_jT3S72xt0A,-79.9227536,40.4331786,4.5
HCVht5j_wW17QxlKewYmxw,-80.051582,40.352041,3.5
FlICTKTPNq-KVIZ6eM9zrg,-79.8921011,40.4381463,4.5
#NAME?,-79.9840934,40.4519412,4.5
XOhxYCwkx7gfZv8bi68aUw,-79.97520626,40.42828809,4.5
#NAME?,-79.9805948,40.4535609,4.5
3ZepumtXvVkoHsNOWqF4iA,-80.0598612,40.3917014,3.5
6rFVdqC74mPnkDmlSUOADg,-80.00280082,40.44130908,4
NnyTtTWVDCRZhHXkdug-ZQ,-80.01201153,40.45202532,4
xlYVxFtTh_YKfxkhkgW5Vg,-79.998357,40.4395219,4.5
b6H3J8zWmFhzHiqSIpymvA,-80.0023512,40.4417967,4.5
24t1XrFKY0ldSD1hOKnTew,-79.975218,40.428181,4.5
JsSBsu_ohNvNXQCh_fpnmw,-79.8873536,40.428021,5
qKqld7dwt00qW938tRTSjA,-79.94942522,40.46187645,4
KdyzsUzDlnvhioJ0e0OrcA,-80.01872166,40.44981535,3
Dra-diHsNo-c-LzOpIwY8g,-79.9822822,40.4534962,4
biOzSL4HVrEaSyU5ZS-IrA,-80.00639498,40.43487036,4.5
S_GRbwagsaDCGeEm_sDu_w,-80.018213,40.404942,4
VbspQ858e9Qz7SwAJzc2mA,-79.982244,40.4520089,4.5
Yj1EJ_HDLtw7wLcdpmaY9w,-79.982617,40.4517056,4
n1n3o-hv5JsBkvZRtJPZKA,-79.9961885,40.4436546,3
FNzej_nQlemt2jcfU1dq0Q,-80.0016201,40.4309995,4
35CKLsZKk1KkyOzUn_cUXg,-80.0009545,40.4535197,3
Y1kN31_d8r4B_g32sdpFPg,-80.0280509,40.36850135,4
J4Y6BSwxGxD7mznM45ykeA,-79.94881868,40.44453026,2.5
GiI6H2Z76lxlr7hnqbhFtw,-79.9931714,40.4454292,3.5
dSCZasmhqONze5Oj1gyO6A,-80.029173,40.359115,3.5
Oeh9xjp5xYJFy0mgsPzUkw,-80.0442924,40.3803202,4.5
evUT81j1hZTA8ZNNlclqxw,-79.996748,40.44414304,3.5
CovCgffklC_E0b2QHZ-gWw,-79.95570532,40.44521025,3.5
so0cUMK8I8d88F7uhBqaFA,-79.997313,40.442413,2.5
ZMLt9rTN-W8tZkgQrwnx0w,-79.9958864,40.4406248,3.5
Dst9oQQYrk5cj-DBbEpYxg,-79.98211057,40.45274129,4
FAKevEJKD1D1Nccy6vccgA,-79.98249681,40.45184324,4
EBrwIYYtBdGQ5X3zuvM1qg,-79.99816093,40.43809799,4
rkZ4SwfRFliatpoMsb1-Xg,-79.89742289,40.43952949,4
XBoZ37qBlvgZyfpIO0yEzQ,-79.967468,40.426888,4.5
Jil8TD-tiLNaVqnnTukWlQ,-79.9521411,40.4822953,4.5
MLwZB6mXpzfFyENYLAnG0A,-79.954575,40.464915,4
D31NTvzW9aPExUksVQQ7pA,-79.949961,40.462483,5
T67Sp60-oA2x15reB7EqiA,-79.998282,40.443994,4.5
inngNun5R62Hq2J_5sJhDw,-79.994853,40.441355,4
4PvhZdmpkPy8fjzWMSY6jw,-79.9489713,40.4448167,3
klSGYQhO24piw0WQVIIMYw,-79.91164349,40.45924694,5
cvKFTItaDH8NCXJIYc0pgQ,-79.9838608,40.4513403,4.5
ek4oL7RAsh55jjj5mqUcQw,-79.9228082,40.4349648,4.5
YyoXla4L4uIGSf05110XaA,-79.99496,40.446578,3.5
nZq_D4BLT2J8Uzku1xJQ7A,-79.91758503,40.45787363,3
3u7WY-VUY9yN3eS65phIZA,-79.996111,40.440556,4.5
aqslMehKRH-jsS9lUlmZeg,-79.9270989,40.4534158,5
eV5JI26emxsQvZ6lFt9VVw,-80.0345368,40.3952286,3
hxSNB2FA9jc2LHGWA2n4LA,-79.9350855,40.4579904,3.5
ZurbTJZ8nTlngOiqcn4-1g,-79.9253608,40.4628469,4.5
WZay4I_3h-KHp4VpJfZvSQ,-79.9332613,40.451096,4.5
gwcfAXAUTj1Bq6YwnPKWlg,-79.8936278,40.4317238,4
loYtjyqqqzjpgofA-gSY9g,-79.956529,40.4441972,3.5
nZSlLTl1EtecotlNZ76P3A,-79.9607755,40.4701461,5
O-1vZsYfFEtLIxulecV9Fw,-79.9341651,40.4522185,3.5
nK8kRhoMDY_2HtKINuSfVQ,-79.9981261,40.4371691,4.5
dbsI3wSVdhOLGNjmM8sBfQ,-79.953552,40.443167,4
O4Vsr3w0d7rvq-IyclNiMw,-80.025054,40.411168,4
FUzHPhqGT_3H5r7ghTMmMw,-79.901218,40.489741,5
feo63jUDoc0Kg8UK5NCCMg,-79.9587044,40.4415866,1.5
okvhzVSYwfN02cn3reYXHw,-79.956985,40.4771669,4.5
Lb2TBwZelvHqb5n-o4Zgww,-79.96115,40.470045,4
zbBNM_2GaDgEw_C8Kyp2Eg,-79.9726906,40.4600213,4.5
tP8xotGVQoY3EX1hpW0GQw,-80.0013393,40.4410836,2.5
vNL0T2hrlIO33Rbbbi4sLg,-79.92423268,40.46010505,4
2CVv0URvnKNXA5EfeEb9Eg,-79.9352334,40.4579855,3
gsS84lf4hAVEWdP__oFR7g,-79.9955278,40.4442059,4
mtp4OoVuitVaj8daxAyxIA,-79.92558783,40.46247448,4.5
Eq-w1GBZLdEbrtNDwVncYA,-79.921365,40.438345,4
dFrVbVtYI5Se64hRPKTWOA,-79.9536322,40.4656956,4
Y5mY_dT7-_wauhQXLQgqtA,-79.9521286,40.4435295,4.5
fbqs1kYYcxowUWfowEkHYA,-79.9252567,40.4604323,5
h6G6P_z1RbzC-mcRcZRg7A,-79.89407349,40.43235397,3.5
c7g24jVOFLwHvYikvdt1mQ,-79.977958,40.428345,5
1LrNuxTU2e0v3lEW9VLZEA,-80.00722068,40.4475394,3.5
QemPjyORlLB98ON0uCst5w,-79.947964,40.4846999,4.5
VmYWzpY2fCrIav5SbfCL1A,-79.95574388,40.46566478,4.5
14JrDlEb7SMK_ZHrS80lFA,-79.979395,40.428426,4.5
Gt1CqxYwNmzOQg0TXhwjUA,-79.98,40.428,4
Fbg2LpTLb--d95SSndDntA,-80.03240736,40.45447204,4
JdAyXD2lsYtOGUc7DTsVEQ,-79.93318538,40.45162224,3.5
acvpqVAsH8steBaqjCCBaQ,-79.9958864,40.4406248,5
UXnIsrsRof-fx8RYTXjxHg,-79.9701224,40.4617996,4.5
Y5IphJz40qozno6INJsPzg,-79.980494,40.454311,5
cJCg07biPE5yrNaNE-Fxyg,-79.994853,40.441355,4.5
22dqMSdcSGrampqIniNbpA,-79.928882,40.457666,1
_z0oAuTO0Jk07sMdoPE8gg,-79.976795,40.428796,3.5
rtHMAC_eh46jldMEX21Zxg,-79.9839206,40.4523561,5
OH48cGMt3vW1frpky7wF5A,-79.91826796,40.45917635,5
X5p-CqU10u-gUtUImKhkSw,-79.9551885,40.4796049,5
vPQPsC_NkQPKDs5ljbgB3A,-79.966438,40.462869,4
PJmNg6ahKgd53gOLBvSZjg,-79.96729122,40.42640372,4
PhzATk8aYydq9E0Aj4-fwA,-79.9255199,40.4592086,3
u-PbFb01OqXOuYN86x1QSA,-79.966333,40.464398,4.5
e7HwvsagBGIXXygZDuNMNQ,-79.91952912,40.43768277,3.5
IfLn-5ZVXUCDmp6Dl_XA7g,-79.9519353,40.4787959,4.5
kCn8O1IFisAEHrXbQAtirQ,-79.8907061,40.4271728,4
Waw-udotzXTvNXCyycxPAA,-79.9817294,40.4316181,3.5
-5qo9bTeQrfStoKiZYDYYA,-80.000946,40.439497,3.5
PP1iNmpyRIEVpWv98IVvFw,-80.004628,40.4408249,4
_BUOZDGlYf-zBALjtnXyBA,-80.009625,40.457244,5
vXEFKN1Gc1BfW3d6ZhKnyw,-79.9228456,40.4349741,4.5
JyldCiKvK1m72VS6tuC_Qg,-80.0407084,40.3777216,3.5
3LM_yK3iF2VjkS6mFRF58w,-80.0225039,40.3951787,4.5
5dbzunCt920nwML5pYegsQ,-79.971985,40.47886,4.5
tdw9hdKyxZZcA4WBy_y83Q,-79.993426,40.459293,4.5
IwS-csQKkWt3lYr25Mx2uA,-79.94684553,40.46040026,4.5
sdZPSNFm5dosRMICiYkjyg,-79.9442895,40.4590954,4.5
W4lkEQMYz3hdR1SvIIFzyQ,-80.00286879,40.44020351,4.5
IA6PfHhZ9MPfBBvyVBIJpg,-79.939789,40.464219,4
YiUoOtJc6xCq0-ZFJCocvA,-79.92315495,40.43338425,4
E74dLL-EkPI-abuJuWk2lg,-79.9777282,40.45535058,4.5
ryqYlw3F5MPIHXJylSjD0A,-79.957181,40.441932,4
r-_R6lG3HWU8WYw0Zk23fA,-79.9681119,40.4273732,4
NCXJzB9DcuNs49a8eZp19w,-79.9958864,40.4406248,5
yJ_k2f-h9LxjWdbMMqzpsA,-79.99949912,40.44261044,4.5
a0n2kpuMZoep8crmDhM9VQ,-79.9478264,40.4607908,4.5
yILlq-CZQp2aPw3VgEJnxA,-80.043926,40.381252,4
6KrFqm5q4ZZAYxTRaxdCSw,-80.068593,40.375527,4.5
Q59ZOPi3T_O4l2vpt74a8Q,-79.9345853,40.4512017,5
Ni9C6R4ULJKxM2TV8eMdAQ,-80.0350933,40.3955488,5
0h2My97xjAjc1pNrMM266Q,-79.9169098,40.4442936,4.5
